{
  "model": "AudioCNN",
  "framework": "PyTorch",
  "accuracy": 0.876336,
  "macro_f1": 0.880973,
  "weighted_f1": 0.876069,
  "precision_macro": 0.885442,
  "recall_macro": 0.883177,
  "per_class_f1": {
    "air_conditioner": 0.841727,
    "car_horn": 0.88,
    "children_playing": 0.839506,
    "dog_bark": 0.898955,
    "drilling": 0.856115,
    "engine_idling": 0.845679,
    "gun_shot": 0.941176,
    "jackhammer": 0.883281,
    "siren": 0.958042,
    "street_music": 0.865248
  },
  "confusion_matrix": [
    [
      117,
      0,
      9,
      1,
      0,
      18,
      0,
      2,
      0,
      3
    ],
    [
      1,
      55,
      0,
      0,
      3,
      1,
      0,
      1,
      1,
      3
    ],
    [
      1,
      0,
      136,
      3,
      0,
      3,
      2,
      1,
      2,
      2
    ],
    [
      0,
      3,
      10,
      129,
      0,
      4,
      1,
      0,
      3,
      0
    ],
    [
      2,
      1,
      1,
      0,
      119,
      4,
      4,
      18,
      1,
      0
    ],
    [
      3,
      0,
      3,
      2,
      1,
      137,
      0,
      3,
      0,
      1
    ],
    [
      0,
      0,
      0,
      0,
      0,
      0,
      56,
      0,
      0,
      0
    ],
    [
      1,
      0,
      0,
      0,
      4,
      4,
      0,
      140,
      0,
      1
    ],
    [
      0,
      0,
      0,
      1,
      0,
      1,
      0,
      0,
      137,
      0
    ],
    [
      3,
      1,
      15,
      1,
      1,
      2,
      0,
      2,
      3,
      122
    ]
  ],
  "latency_ms": 1.0882,
  "model_size_mb": 4.6336,
  "total_params": 1207786,
  "trainable_params": 1207786,
  "best_val_loss": 0.322383,
  "best_val_f1": 0.895829,
  "epochs_trained": 50,
  "training_history": {
    "train_loss": [
      2.143467,
      1.82359,
      1.666721,
      1.567845,
      1.490573,
      1.435558,
      1.395408,
      1.354925,
      1.326932,
      1.290823,
      1.262779,
      1.211834,
      1.206202,
      1.157601,
      1.131541,
      1.093627,
      1.083109,
      1.048296,
      1.045691,
      1.002528,
      0.988718,
      0.976187,
      0.944386,
      0.932131,
      0.898368,
      0.884045,
      0.856703,
      0.859713,
      0.823969,
      0.81642,
      0.810691,
      0.79734,
      0.760346,
      0.75788,
      0.719706,
      0.727391,
      0.716444,
      0.687251,
      0.687314,
      0.666841,
      0.663958,
      0.664273,
      0.651607,
      0.617551,
      0.604938,
      0.609875,
      0.593798,
      0.583051,
      0.569865,
      0.568106
    ],
    "train_acc": [
      0.198462,
      0.328534,
      0.391198,
      0.441099,
      0.461715,
      0.482821,
      0.497709,
      0.514234,
      0.522742,
      0.535831,
      0.551538,
      0.57019,
      0.577062,
      0.595386,
      0.598331,
      0.618128,
      0.626473,
      0.629254,
      0.641198,
      0.656577,
      0.660831,
      0.66623,
      0.670157,
      0.672938,
      0.702389,
      0.700425,
      0.715969,
      0.710733,
      0.728567,
      0.725785,
      0.725131,
      0.733802,
      0.745092,
      0.741819,
      0.75769,
      0.76358,
      0.762107,
      0.771597,
      0.767016,
      0.781741,
      0.782395,
      0.778959,
      0.784195,
      0.794012,
      0.799411,
      0.799411,
      0.805137,
      0.805792,
      0.813973,
      0.808082
    ],
    "val_loss": [
      1.772616,
      1.472813,
      1.321871,
      1.257175,
      1.165131,
      1.158487,
      1.049628,
      1.105212,
      1.041505,
      1.08815,
      0.937651,
      0.882999,
      0.857665,
      0.788064,
      0.789144,
      0.790623,
      0.737061,
      0.755848,
      0.719586,
      0.674003,
      0.657954,
      0.657748,
      0.633576,
      0.564243,
      0.632038,
      0.614473,
      0.524416,
      0.503188,
      0.510929,
      0.490667,
      0.491714,
      0.4724,
      0.470902,
      0.530424,
      0.513702,
      0.441028,
      0.528018,
      0.472208,
      0.417396,
      0.368136,
      0.455209,
      0.429096,
      0.399668,
      0.381083,
      0.362591,
      0.413133,
      0.335867,
      0.364085,
      0.322383,
      0.350638
    ],
    "val_acc": [
      0.348092,
      0.418321,
      0.522137,
      0.530534,
      0.550382,
      0.553435,
      0.610687,
      0.571756,
      0.625954,
      0.562595,
      0.638931,
      0.684733,
      0.687023,
      0.722137,
      0.716031,
      0.714504,
      0.726718,
      0.71374,
      0.737405,
      0.758779,
      0.764122,
      0.766412,
      0.776336,
      0.808397,
      0.770992,
      0.770992,
      0.822901,
      0.828244,
      0.822137,
      0.832061,
      0.829008,
      0.848092,
      0.845038,
      0.816031,
      0.829771,
      0.853435,
      0.822137,
      0.847328,
      0.865649,
      0.870229,
      0.845038,
      0.859542,
      0.858779,
      0.878626,
      0.883206,
      0.872519,
      0.894656,
      0.883969,
      0.89313,
      0.892366
    ],
    "val_f1": [
      0.251951,
      0.347685,
      0.478544,
      0.470802,
      0.521512,
      0.527224,
      0.580168,
      0.536949,
      0.58676,
      0.542917,
      0.621868,
      0.661665,
      0.672291,
      0.720687,
      0.707282,
      0.703211,
      0.720961,
      0.710411,
      0.732049,
      0.754406,
      0.760185,
      0.765345,
      0.774979,
      0.80461,
      0.765778,
      0.769152,
      0.822901,
      0.828104,
      0.826504,
      0.83798,
      0.83053,
      0.847637,
      0.841801,
      0.818062,
      0.823534,
      0.854215,
      0.828211,
      0.840178,
      0.862693,
      0.869755,
      0.838194,
      0.861442,
      0.853704,
      0.884237,
      0.88733,
      0.874632,
      0.89736,
      0.87951,
      0.895829,
      0.895667
    ],
    "lr": [
      0.001,
      0.001,
      0.001,
      0.001,
      0.001,
      0.001,
      0.001,
      0.001,
      0.001,
      0.001,
      0.001,
      0.001,
      0.001,
      0.001,
      0.001,
      0.001,
      0.001,
      0.001,
      0.001,
      0.001,
      0.001,
      0.001,
      0.001,
      0.001,
      0.001,
      0.001,
      0.001,
      0.001,
      0.001,
      0.001,
      0.001,
      0.001,
      0.001,
      0.001,
      0.001,
      0.001,
      0.001,
      0.001,
      0.001,
      0.001,
      0.001,
      0.001,
      0.001,
      0.001,
      0.001,
      0.001,
      0.001,
      0.001,
      0.001,
      0.001
    ]
  },
  "hyperparameters": {
    "num_epochs": 50,
    "batch_size": 32,
    "learning_rate": 0.001,
    "weight_decay": 0.0001,
    "patience": 10,
    "optimizer": "Adam",
    "scheduler": "ReduceLROnPlateau(factor=0.5, patience=5)",
    "criterion": "CrossEntropyLoss"
  }
}