{
  "weights": {
    "rf": 0.144772854849922,
    "svm": 0.24555563160341096,
    "xgb": 0.12079390649507915,
    "cnn": 0.1566154840748253,
    "cnn_esc": 0.04027416428063337,
    "yamnet": 0.20203273646694436,
    "yamnet_esc": 0.08995522222918491
  },
  "model_order": [
    "rf",
    "svm",
    "xgb",
    "cnn",
    "cnn_esc",
    "yamnet",
    "yamnet_esc"
  ],
  "val_accuracy": 0.9435114503816794,
  "test_accuracy": 0.934351145038168,
  "test_macro_f1": 0.9376598116248918
}