{
  "weights": {
    "rf": 0.030872973148656474,
    "svm": 0.2915752051482411,
    "xgb": 0.15946282543828794,
    "cnn": 0.06910488465709773,
    "yamnet": 0.4489841116077168
  },
  "model_order": [
    "rf",
    "svm",
    "xgb",
    "cnn",
    "yamnet"
  ],
  "val_accuracy": 0.9534351145038168,
  "test_accuracy": 0.9526717557251908,
  "test_macro_f1": 0.9503629560971679,
  "safety_recall": {
    "siren": 0.9568345323741008,
    "speech": 0.94,
    "horn": 0.9384615384615385
  }
}