{
  "accuracy": 0.936641,
  "macro_f1": 0.939661,
  "weighted_f1": 0.936689,
  "precision_macro": 0.942547,
  "recall_macro": 0.938248,
  "per_class_f1": {
    "air_conditioner": 0.957096,
    "car_horn": 0.943089,
    "children_playing": 0.907895,
    "dog_bark": 0.932886,
    "drilling": 0.913495,
    "engine_idling": 0.937294,
    "gun_shot": 0.973913,
    "jackhammer": 0.920128,
    "siren": 0.974359,
    "street_music": 0.936455
  },
  "confusion_matrix": [
    [
      145,
      0,
      1,
      0,
      0,
      3,
      0,
      0,
      0,
      1
    ],
    [
      0,
      58,
      0,
      2,
      1,
      1,
      0,
      2,
      0,
      1
    ],
    [
      2,
      0,
      138,
      4,
      0,
      3,
      0,
      0,
      0,
      3
    ],
    [
      2,
      0,
      4,
      139,
      0,
      2,
      1,
      0,
      1,
      1
    ],
    [
      1,
      0,
      0,
      1,
      132,
      1,
      2,
      13,
      0,
      0
    ],
    [
      0,
      0,
      2,
      0,
      0,
      142,
      0,
      3,
      0,
      3
    ],
    [
      0,
      0,
      0,
      0,
      0,
      0,
      56,
      0,
      0,
      0
    ],
    [
      0,
      0,
      0,
      0,
      5,
      1,
      0,
      144,
      0,
      0
    ],
    [
      2,
      0,
      1,
      2,
      1,
      0,
      0,
      0,
      133,
      0
    ],
    [
      1,
      0,
      8,
      0,
      0,
      0,
      0,
      1,
      0,
      140
    ]
  ],
  "confidence_stats": {
    "mean": 0.785657,
    "min": 0.245572,
    "max": 0.95628,
    "low_confidence_pct": 1.83
  },
  "weights": {
    "rf": 0.02518,
    "svm": 0.242266,
    "xgb": 0.256823,
    "cnn": 0.170578,
    "yamnet": 0.305154
  },
  "latency_ms": 120.47,
  "within_latency_limit": true
}