{
  "weights": {
    "svm": 0.4206043388767428,
    "xgb": 0.016634546166072656,
    "cnn": 0.23780191973296702,
    "yamnet": 0.32495919522421746
  },
  "model_order": [
    "svm",
    "xgb",
    "cnn",
    "yamnet"
  ],
  "test_accuracy": 0.9259541984732824,
  "test_macro_f1": 0.931017358933666
}