{
  "rf": {
    "accuracy": 0.8297709923664122,
    "macro_f1": 0.8210373664258759,
    "macro_precision": 0.8714607998370377,
    "macro_recall": 0.7911342982657953,
    "class_f1": {
      "speech": 0.7526132404181184,
      "siren": 0.8421052631578947,
      "horn": 0.7850467289719627,
      "traffic": 0.8786885245901639,
      "construction": 0.8494492044063646,
      "dog_bark": 0.769811320754717,
      "music": 0.8039867109634552,
      "background_noise": 0.8865979381443299
    },
    "class_recall": {
      "speech": 0.72,
      "siren": 0.7482014388489209,
      "horn": 0.6461538461538462,
      "traffic": 0.8933333333333333,
      "construction": 0.9747191011235955,
      "dog_bark": 0.68,
      "music": 0.8066666666666666,
      "background_noise": 0.86
    }
  },
  "svm": {
    "accuracy": 0.9129770992366413,
    "macro_f1": 0.9067265833670903,
    "macro_precision": 0.9180674919083726,
    "macro_recall": 0.897862067303806,
    "class_f1": {
      "speech": 0.832764505119454,
      "siren": 0.9469964664310955,
      "horn": 0.8907563025210083,
      "traffic": 0.9463087248322148,
      "construction": 0.9384404924760602,
      "dog_bark": 0.9041095890410958,
      "music": 0.8571428571428571,
      "background_noise": 0.9372937293729374
    },
    "class_recall": {
      "speech": 0.8133333333333334,
      "siren": 0.9640287769784173,
      "horn": 0.8153846153846154,
      "traffic": 0.94,
      "construction": 0.9634831460674157,
      "dog_bark": 0.88,
      "music": 0.86,
      "background_noise": 0.9466666666666667
    }
  },
  "xgb": {
    "accuracy": 0.8916030534351145,
    "macro_f1": 0.8821863643957882,
    "macro_precision": 0.9024959800952104,
    "macro_recall": 0.8676342547396827,
    "class_f1": {
      "speech": 0.7831715210355987,
      "siren": 0.906367041198502,
      "horn": 0.8793103448275863,
      "traffic": 0.92,
      "construction": 0.937249666221629,
      "dog_bark": 0.8458781362007168,
      "music": 0.8639455782312925,
      "background_noise": 0.9215686274509804
    },
    "class_recall": {
      "speech": 0.8066666666666666,
      "siren": 0.8705035971223022,
      "horn": 0.7846153846153846,
      "traffic": 0.92,
      "construction": 0.9859550561797753,
      "dog_bark": 0.7866666666666666,
      "music": 0.8466666666666667,
      "background_noise": 0.94
    }
  },
  "cnn": {
    "accuracy": 0.46030534351145036,
    "macro_f1": 0.5093514366473322,
    "macro_precision": 0.65962976909864,
    "macro_recall": 0.5332742259088149,
    "class_f1": {
      "speech": 0.41025641025641024,
      "siren": 0.5079365079365079,
      "horn": 0.7445255474452555,
      "traffic": 0.5797872340425533,
      "construction": 0.27951807228915665,
      "dog_bark": 0.5811965811965811,
      "music": 0.6918918918918919,
      "background_noise": 0.2796992481203008
    },
    "class_recall": {
      "speech": 0.32,
      "siren": 0.34532374100719426,
      "horn": 0.7846153846153846,
      "traffic": 0.7266666666666667,
      "construction": 0.16292134831460675,
      "dog_bark": 0.4533333333333333,
      "music": 0.8533333333333334,
      "background_noise": 0.62
    }
  },
  "yamnet": {
    "accuracy": 0.9190839694656489,
    "macro_f1": 0.9130115910042349,
    "macro_precision": 0.9094287641291033,
    "macro_recall": 0.9177456142259917,
    "class_f1": {
      "speech": 0.9055374592833875,
      "siren": 0.9562043795620438,
      "horn": 0.8823529411764706,
      "traffic": 0.9019607843137256,
      "construction": 0.9443651925820256,
      "dog_bark": 0.9342560553633218,
      "music": 0.9072847682119205,
      "background_noise": 0.8721311475409836
    },
    "class_recall": {
      "speech": 0.9266666666666666,
      "siren": 0.9424460431654677,
      "horn": 0.9230769230769231,
      "traffic": 0.92,
      "construction": 0.9297752808988764,
      "dog_bark": 0.9,
      "music": 0.9133333333333333,
      "background_noise": 0.8866666666666667
    }
  },
  "ensemble": {
    "accuracy": 0.9526717557251908,
    "macro_f1": 0.9503629560971679,
    "macro_precision": 0.9539508301617543,
    "macro_recall": 0.9474363534237432,
    "class_f1": {
      "speech": 0.9337748344370861,
      "siren": 0.9672727272727273,
      "horn": 0.9606299212598426,
      "traffic": 0.9533333333333334,
      "construction": 0.9707112970711296,
      "dog_bark": 0.9415807560137457,
      "music": 0.9530201342281879,
      "background_noise": 0.9225806451612903
    },
    "class_recall": {
      "speech": 0.94,
      "siren": 0.9568345323741008,
      "horn": 0.9384615384615385,
      "traffic": 0.9533333333333334,
      "construction": 0.9775280898876404,
      "dog_bark": 0.9133333333333333,
      "music": 0.9466666666666667,
      "background_noise": 0.9533333333333334
    }
  },
  "ablation": {
    "v1_10class_ensemble_acc": 0.9504,
    "v2_8class_ensemble_acc": 0.9526717557251908,
    "improvement": 0.0022717557251907827
  }
}