{
  "rf": {
    "accuracy": 0.8297709923664122,
    "macro_f1": 0.8210373664258759
  },
  "svm": {
    "accuracy": 0.9106870229007633,
    "macro_f1": 0.9017070009382555
  },
  "xgb": {
    "accuracy": 0.8916030534351145,
    "macro_f1": 0.8821863643957882
  }
}