{
  "CNN (ESC50)": {
    "Accuracy": 0.9,
    "Macro F1": 0.8993697478991596
  },
  "YAMNet (ESC50)": {
    "Accuracy": 0.975,
    "Macro F1": 0.9749019607843138
  }
}