{
  "random_forest": {
    "macro_f1": 0.8143,
    "weighted_f1": 0.815,
    "per_class_f1": {
      "air_conditioner": 0.8562300319488818,
      "car_horn": 0.8141592920353983,
      "children_playing": 0.7364864864864865,
      "dog_bark": 0.7735191637630662,
      "drilling": 0.7832167832167831,
      "engine_idling": 0.8729641693811074,
      "gun_shot": 0.796875,
      "jackhammer": 0.8206686930091186,
      "siren": 0.8837209302325582,
      "street_music": 0.8052805280528054
    },
    "confusion_matrix": [
      [
        134,
        0,
        1,
        3,
        0,
        4,
        0,
        1,
        0,
        7
      ],
      [
        0,
        46,
        1,
        3,
        3,
        1,
        6,
        4,
        0,
        1
      ],
      [
        6,
        0,
        109,
        6,
        5,
        4,
        0,
        5,
        2,
        13
      ],
      [
        5,
        0,
        12,
        111,
        2,
        7,
        7,
        3,
        1,
        2
      ],
      [
        1,
        1,
        0,
        7,
        112,
        1,
        5,
        20,
        0,
        3
      ],
      [
        4,
        0,
        1,
        0,
        2,
        134,
        0,
        7,
        0,
        2
      ],
      [
        0,
        0,
        0,
        4,
        1,
        0,
        51,
        0,
        0,
        0
      ],
      [
        3,
        0,
        0,
        0,
        8,
        1,
        3,
        135,
        0,
        0
      ],
      [
        6,
        1,
        6,
        2,
        1,
        4,
        0,
        2,
        114,
        3
      ],
      [
        4,
        0,
        16,
        1,
        2,
        1,
        0,
        2,
        2,
        122
      ]
    ],
    "latency_ms": 47.2696,
    "model_size_mb": 141.7583
  }
}